VM ID, Moving average CPU usage
23, 0.1537433
26, 0.386212233333
27, 0.759600758333
25, 0.774939033333
23, 0.184333991667
26, 0.449735483333
25, 0.6491241
27, 0.735513633333
